{"trip_distance":{"0":149733,"1":147820,"2":148459,"3":148853,"4":148369,"5":147829,"6":148171,"7":149297,"8":148880,"9":147591},"census_tract_start":{"0":48453001100,"1":48453001100,"2":48453000604,"3":48453001100,"4":48453001200,"5":48453001303,"6":48453002403,"7":48453000601,"8":48453000302,"9":48453000902},"census_tract_end":{"0":48453001100,"1":48453001100,"2":48453001100,"3":48453001303,"4":48453001305,"5":48453001303,"6":48453001308,"7":48453000601,"8":48453000601,"9":48209010906},"cost":{"0":2.305,"1":14.5275,"2":1.735,"3":6.235,"4":14.535,"5":2.33,"6":7.98,"7":1.4925,"8":1.59,"9":10.36},"start_zip":{"0":78701,"1":78701,"2":78705,"3":78701,"4":78703,"5":78704,"6":78745,"7":78705,"8":78751,"9":78702},"end_zip":{"0":78701,"1":78701,"2":78701,"3":78704,"4":78704,"5":78704,"6":78704,"7":78705,"8":78705,"9":78676},"start_lat":{"0":30.2711915,"1":30.2711915,"2":30.2882716,"3":30.2711915,"4":30.272052,"5":30.2280314,"6":30.2179687,"7":30.2882716,"8":30.2711286,"9":30.2784599},"start_lon":{"0":-97.734353,"1":-97.734353,"2":-97.7274039,"3":-97.734353,"4":-97.7623871,"5":-97.7734004,"6":-97.7641696,"7":-97.7274039,"8":-97.7436995,"9":-97.7187995},"end_lat":{"0":30.2804656,"1":30.2804656,"2":30.2804656,"3":30.2280314,"4":30.2280314,"5":30.2280314,"6":30.2280314,"7":30.2882716,"8":30.2882716,"9":30.01169494},"end_lon":{"0":-97.7500876,"1":-97.7500876,"2":-97.7500876,"3":-97.7734004,"4":-97.7734004,"5":-97.7734004,"6":-97.7274039,"7":-97.7274039,"8":-98.12043146,"9":-97.718799}}